customer_id,recency,frequency,monetary,segment_group
1,41,3,27888.179,very_loyal
2,264,3,19329.076999999997,loyal
3,69,3,24051.541,very_loyal
4,255,3,21150.882999999998,loyal
5,256,3,17520.286,loyal
6,114,3,32675.064,loyal
7,195,3,7147.161,loyal
8,261,3,2201.6530000000002,regular
9,246,3,24433.896,loyal
10,128,3,33634.267,loyal
11,247,3,3690.2349999999997,regular
12,250,3,24305.132999999998,loyal
13,261,3,14774.453,loyal
14,251,3,15766.692,loyal
15,126,3,9586.794,loyal
16,264,3,31925.877,loyal
17,256,3,5275.325,loyal
18,259,3,14877.280999999999,loyal
19,259,3,16740.012,loyal
20,261,3,11102.466,loyal
21,245,3,17123.994,loyal
22,265,2,16651.059999999998,loyal
23,272,2,4775.960999999999,loyal
24,250,3,14199.951,loyal
25,264,2,14529.251,loyal
26,262,2,9514.068,loyal
27,272,2,10719.092,loyal
28,260,2,19992.856,loyal
29,251,2,11979.940999999999,loyal
30,255,3,10355.389,loyal
31,267,3,19756.634,loyal
32,263,3,18037.283,loyal
33,171,3,19043.896,loyal
34,259,2,11035.751,loyal
35,271,2,22061.064,loyal
36,258,2,6079.9400000000005,loyal
37,261,2,14011.815999999999,loyal
38,261,2,21535.663,loyal
39,256,2,17783.483,loyal
40,246,3,17240.554,loyal
41,269,2,3962.027,loyal
42,253,2,9205.114,loyal
43,244,3,23049.053,loyal
44,248,2,2270.54,regular
45,245,2,3347.6440000000002,regular
46,252,3,8902.502,loyal
47,262,3,16935.628,loyal
48,250,2,11705.844000000001,loyal
49,244,2,1571.176,regular
50,261,3,16179.132,loyal
51,271,2,7000.052,loyal
52,267,2,6467.6539999999995,loyal
53,170,3,14068.225,loyal
54,251,2,17225.453,loyal
55,243,2,4183.62,loyal
56,245,3,6680.442999999999,loyal
57,253,2,6981.93,loyal
58,257,2,21514.449999999997,loyal
59,261,2,13854.596,loyal
60,252,2,9919.324,loyal
61,263,3,25636.430999999997,loyal
62,272,2,4122.143,loyal
63,254,2,20086.362999999998,loyal
64,269,3,8778.130000000001,loyal
65,253,2,11151.601,loyal
66,262,3,23026.283,loyal
67,256,2,1472.473,regular
68,264,3,10802.626999999999,loyal
69,268,2,7568.923,loyal
70,256,2,16338.932999999999,loyal
71,245,2,1855.3319999999999,regular
72,252,2,13914.331999999999,loyal
73,256,2,31913.703999999998,loyal
74,243,2,4036.9709999999995,loyal
75,265,2,32803.013,loyal
76,257,2,7168.473,loyal
77,253,3,8522.953,loyal
78,261,2,3441.2619999999997,regular
79,258,2,16025.062,loyal
80,251,2,9563.335,loyal
81,267,2,5660.9349999999995,loyal
82,269,2,18995.006999999998,loyal
83,267,2,7793.147999999999,loyal
84,271,2,7154.543,loyal
85,265,2,23195.065,loyal
86,268,2,12551.983,loyal
87,263,2,13546.945,loyal
88,253,2,9805.241999999998,loyal
89,252,2,10805.332,loyal
90,244,2,8956.783,loyal
91,256,2,18856.872,loyal
92,265,2,3037.134,regular
93,250,2,25612.69,loyal
94,272,2,34807.932,loyal
95,640,1,12433.475,regular
96,749,1,7681.119999999999,regular
97,262,2,6450.950999999999,loyal
98,980,1,2546.462,regular
99,993,1,5431.891,regular
100,307,1,5399.98,loyal
101,829,1,1405.962,regular
102,753,1,3121.132,regular
103,851,1,2718.3920000000003,regular
104,249,2,11776.404999999999,loyal
105,968,1,12461.544,regular
106,499,1,2770.9610000000002,regular
107,936,1,6961.09,regular
108,380,1,18281.491,loyal
109,247,2,17193.89,loyal
110,260,2,5371.3369999999995,loyal
111,799,1,6177.77,regular
112,274,1,7952.044,loyal
113,400,1,4236.341,loyal
114,275,1,727.9839999999999,regular
115,335,1,8327.942,loyal
116,258,3,12793.631,loyal
117,992,2,2371.4539999999997,regular
118,738,1,3974.624,regular
119,172,2,16764.144,loyal
120,267,2,9425.163,loyal
121,254,2,3589.12,regular
122,338,1,24890.642,loyal
123,181,2,13783.775,loyal
124,250,2,6235.536,loyal
125,524,1,7067.960999999999,regular
126,297,1,10314.9227,loyal
127,973,1,6034.959999999999,regular
128,390,1,7536.161,loyal
129,566,1,3011.4809999999998,regular
130,734,1,423.992,regular
131,738,1,2335.52,regular
132,865,1,3271.812,regular
133,917,1,3810.8199999999997,regular
134,984,1,3751.871,regular
135,31,2,12026.936,loyal
136,1,2,15314.006,loyal
137,668,1,723.891,regular
138,246,2,12010.488,loyal
139,282,1,2319.9700000000003,regular
140,504,1,12909.918,regular
141,660,1,376.792,regular
142,561,1,5224.99,regular
143,474,1,3920.661,regular
144,855,1,256.491,regular
145,941,1,8696.071,regular
146,316,1,6183.562,loyal
147,671,1,10322.97,regular
148,809,1,1260.972,regular
149,833,1,8474.161,regular
150,941,1,3840.88,regular
151,267,2,6863.624999999999,loyal
152,278,1,3643.542,regular
153,637,2,17068.486,regular
154,646,1,751.984,regular
155,801,1,4214.973,regular
156,901,1,4534.382,regular
157,247,2,17861.196,loyal
158,913,1,1395.162,regular
159,920,1,11013.931,regular
160,762,1,7975.972,regular
161,518,1,4296.181,regular
162,613,1,4094.841,regular
163,732,1,4851.136,regular
164,1069,1,1139.98,lost
165,246,2,11907.902,loyal
166,668,1,751.984,regular
167,563,1,14172.237000000001,regular
168,527,1,3801.643,regular
169,256,2,13678.354,loyal
170,256,2,13801.291,loyal
171,593,1,3723.825,regular
172,255,2,15841.113,loyal
173,684,1,8072.33,regular
174,528,1,2963.98,regular
175,262,2,13023.919999999998,loyal
176,247,2,6829.706999999999,loyal
177,616,1,170.991,regular
178,765,1,4125.552,regular
179,586,1,5887.34,regular
180,273,1,2478.4,regular
181,270,2,8273.954,loyal
182,501,1,17746.59,regular
183,981,1,1254.94,regular
184,670,1,16436.08,regular
185,509,1,3290.7709999999997,regular
186,438,1,9833.653,regular
187,257,2,13611.646,loyal
188,248,2,1729.773,regular
189,505,1,2069.37,regular
190,717,1,2082.1440000000002,regular
191,249,2,2593.128,regular
192,252,2,14208.385999999999,loyal
193,810,1,914.967,regular
194,270,2,12320.116999999998,loyal
195,296,1,14935.020999999999,loyal
196,599,1,10949.944,regular
197,825,1,4655.035,regular
198,500,1,2749.3469999999998,regular
199,861,1,4571.071,regular
200,681,1,391.992,regular
201,432,1,2548.974,regular
202,914,1,4095.011,regular
203,357,1,12369.623,loyal
204,1035,1,2813.559,lost
205,999,1,3642.012,regular
206,948,1,8429.939999999999,regular
207,684,1,2500.438,regular
208,266,2,5651.025,loyal
209,506,1,1127.99,regular
210,417,1,3599.99,regular
211,901,1,1472.48,regular
212,776,1,6155.959999999999,regular
213,428,1,4789.733,regular
214,600,1,3032.739,regular
215,580,1,4397.9619999999995,regular
216,441,1,4912.151,regular
217,270,2,5073.035,loyal
218,1036,1,6902.46,lost
219,535,1,1567.172,regular
220,495,1,6672.2919999999995,regular
221,634,1,199.992,regular
222,429,1,1497.483,regular
223,944,1,4563.09,regular
224,250,2,11471.894,loyal
225,499,1,7486.325,regular
226,420,1,13033.592,regular
227,393,1,18553.720999999998,loyal
228,286,1,674.991,regular
229,436,1,814.671,regular
230,905,1,9211.521,regular
231,247,2,12861.873,loyal
232,665,1,1755.3700000000001,regular
233,260,2,2317.084,regular
234,639,1,3804.915,regular
235,804,1,5989.964,regular
236,1073,1,4157.971,lost
237,265,2,2007.5810000000001,regular
238,553,1,20177.761,regular
239,244,2,10156.891,loyal
240,248,2,9959.09,loyal
241,819,1,2157.916,regular
242,578,1,7143.661999999999,regular
243,416,1,2658.7619999999997,regular
244,366,1,1113.2649999999999,regular
245,699,1,10869.96,regular
246,629,1,6261.956,regular
247,348,1,10570.47,loyal
248,556,1,1101.683,regular
249,651,1,723.891,regular
250,700,1,2371.161,regular
251,999,1,8879.451,regular
252,1075,1,8587.393,lost
253,342,1,1439.98,regular
254,464,1,1716.5520000000001,regular
255,665,1,10269.851999999999,regular
256,357,1,2658.1440000000002,regular
257,377,1,5315.903,loyal
258,1085,1,437.091,lost
259,1093,1,10231.042,lost
260,809,1,3349.645,regular
261,848,1,1837.471,regular
262,390,1,2484.426,regular
263,289,1,14405.042,loyal
264,1050,1,1577.071,lost
265,567,1,1096.182,regular
266,532,1,2681.955,regular
267,962,1,1625.962,regular
268,484,1,7211.721,regular
269,434,1,7526.036,regular
270,554,1,3646.982,regular
271,1033,1,879.984,lost
272,839,1,8561.256,regular
273,363,1,3056.96,regular
274,888,1,5701.103,regular
275,472,1,11476.532,regular
276,1042,1,6866.936,lost
277,1057,1,3570.551,lost
278,562,1,5226.661999999999,regular
279,387,1,9327.732,loyal
280,972,1,4616.012,regular
281,907,1,5672.280000000001,regular
282,931,1,9163.428,regular
283,719,1,1172.972,regular
284,662,1,1001.612,regular
285,384,1,613.791,regular
286,452,1,1026.7,regular
287,284,1,2320.556,regular
288,1006,1,4765.423,lost
289,407,1,17834.96,regular
290,525,1,1467.955,regular
291,700,1,1600.093,regular
292,446,1,13947.542,regular
293,301,1,6102.960999999999,loyal
294,632,1,1208.482,regular
295,684,1,11055.93,regular
296,285,1,13773.623,loyal
297,706,1,3658.1800000000003,regular
298,767,1,9474.934,regular
299,899,1,2687.141,regular
300,300,1,1023.98,regular
301,634,1,4156.692,regular
302,274,1,631.675,regular
303,413,1,3136.0429999999997,regular
304,818,1,502.181,regular
305,495,1,1238.566,regular
306,1031,1,6489.5599999999995,lost
307,956,1,2942.9809999999998,regular
308,293,1,7394.9619999999995,loyal
309,748,1,3900.6549999999997,regular
310,340,1,12935.939999999999,loyal
311,369,1,1250.864,regular
312,333,1,5419.97,loyal
313,785,1,4918.365,regular
314,834,1,6872.942,regular
315,638,1,2258.1220000000003,regular
316,1015,1,6815.946,lost
317,1043,1,1543.762,lost
318,432,1,1662.054,regular
319,917,1,2337.4610000000002,regular
320,391,1,10047.42,loyal
321,783,1,1165.0810000000001,regular
322,378,1,11832.47,loyal
323,323,1,2699.99,regular
324,1090,1,2165.0820000000003,lost
325,504,1,949.99,regular
326,491,1,2768.362,regular
327,1020,1,5716.596,lost
328,551,1,8740.961,regular
329,620,1,9499.98,regular
330,286,1,11972.921999999999,loyal
331,861,1,1929.514,regular
332,1005,1,5728.933,lost
333,412,1,2840.045,regular
334,477,1,12663.974,regular
335,664,1,4147.66,regular
336,1032,1,754.582,lost
337,865,1,5119.353,regular
338,995,1,4132.99,regular
339,561,1,17479.949999999997,regular
340,641,1,9157.75,regular
341,787,1,1199.98,regular
342,582,1,269.991,regular
343,695,1,1800.48,regular
344,708,1,4464.6630000000005,regular
345,587,1,9728.98,regular
346,413,1,502.191,regular
347,712,1,225.891,regular
348,1067,1,3223.18,lost
349,711,1,6912.17,regular
350,929,1,11462.592,regular
351,466,1,8498.46,regular
352,588,1,5925.552,regular
353,524,1,3196.203,regular
354,534,1,7179.981,regular
355,561,1,3015.9700000000003,regular
356,524,1,9865.471,regular
357,1000,1,1970.591,lost
358,606,1,3247.2439999999997,regular
359,846,1,1990.161,regular
360,913,1,6448.289999999999,regular
361,704,1,5154.1449999999995,regular
362,831,1,3997.973,regular
363,963,1,242.991,regular
364,300,1,5291.96,loyal
365,769,1,1758.5140000000001,regular
366,1007,1,6744.7699999999995,lost
367,654,1,6602.947,regular
368,856,1,751.984,regular
369,441,1,1536.121,regular
370,1011,1,521.982,lost
371,1001,1,1619.99,lost
372,623,1,6578.965,regular
373,869,1,949.981,regular
374,645,1,14735.411999999998,regular
375,405,1,11391.423999999999,regular
376,589,1,2136.531,regular
377,802,1,755.972,regular
378,921,1,464.991,regular
379,487,1,6671.601,regular
380,696,1,2787.959,regular
381,1053,1,888.281,lost
382,681,1,861.012,regular
383,710,1,17305.952,regular
384,593,1,8096.442999999999,regular
385,1047,1,2427.957,lost
386,603,1,4012.643,regular
387,399,1,1367.982,regular
388,479,1,418.491,regular
389,557,1,877.981,regular
390,981,1,7439.98,regular
391,667,1,269.991,regular
392,273,1,1681.974,regular
393,1044,1,2379.972,lost
394,605,1,7184.971,regular
395,284,1,4041.151,loyal
396,850,1,4699.955,regular
397,1046,1,1378.182,lost
398,844,1,1139.98,regular
399,831,1,1331.972,regular
400,551,1,4766.831,regular
401,808,1,256.491,regular
402,583,1,2282.9629999999997,regular
403,1018,1,10866.96,lost
404,557,1,519.984,regular
405,284,1,1245.973,regular
406,626,1,1139.98,regular
407,518,1,7719.954,regular
408,525,1,2297.758,regular
409,1014,1,728.973,lost
410,861,1,5478.946,regular
411,925,1,9673.842,regular
412,497,1,2963.98,regular
413,936,1,5225.942,regular
414,1040,1,1337.0819999999999,lost
415,632,1,11349.976,regular
416,849,1,1709.366,regular
417,689,1,7004.833,regular
418,367,1,593.991,regular
419,538,1,1613.395,regular
420,640,1,8204.526,regular
421,814,1,9838.442,regular
422,1030,1,872.0820000000001,lost
423,765,1,599.992,regular
424,903,1,1490.2910000000002,regular
425,356,1,20509.423,loyal
426,408,1,6023.951999999999,regular
427,334,1,3149.99,regular
428,623,1,5062.334,regular
429,517,1,3194.08,regular
430,653,1,1847.0629999999999,regular
431,627,1,1999.3490000000002,regular
432,649,1,3489.9709999999995,regular
433,669,1,1601.3719999999998,regular
434,841,1,3092.942,regular
435,401,1,3439.4569999999994,regular
436,545,1,2200.8630000000003,regular
437,1074,1,3859.925,lost
438,1011,1,1455.972,lost
439,720,1,2789.99,regular
440,343,1,4863.9619999999995,loyal
441,874,1,12965.740999999998,regular
442,1089,1,242.991,lost
443,359,1,4685.0960000000005,loyal
444,370,1,8945.74,loyal
445,762,1,1599.98,regular
446,610,1,377.982,regular
447,852,1,5080.622,regular
448,658,1,513.351,regular
449,818,1,1894.541,regular
450,1085,1,4030.054,lost
451,861,1,359.2,regular
452,311,1,377.982,regular
453,499,1,7823.936,regular
454,737,1,464.991,regular
455,625,1,719.984,regular
456,504,1,1690.664,regular
457,557,1,377.982,regular
458,405,1,1304.975,regular
459,985,1,4877.404,regular
460,506,1,5440.361,regular
461,547,1,5768.21,regular
462,418,1,11463.954,regular
463,289,1,10266.953,loyal
464,348,1,18853.35,loyal
465,814,1,1382.971,regular
466,737,1,2113.58,regular
467,399,1,2357.965,regular
468,820,1,962.973,regular
469,1026,1,3511.7349999999997,lost
470,780,1,3270.23,regular
471,1024,1,569.99,lost
472,572,1,7350.4619999999995,regular
473,611,1,11596.428,regular
474,300,1,3644.041,regular
475,864,1,1139.98,regular
476,344,1,1394.98,regular
477,615,1,1044.98,regular
478,288,1,4700.062,loyal
479,647,1,8109.946,regular
480,892,1,3074.2039999999997,regular
481,816,1,6947.9439999999995,regular
482,423,1,279.992,regular
483,293,1,1519.2,regular
484,1017,1,6332.941,lost
485,536,1,1635.546,regular
486,440,1,5834.130999999999,regular
487,753,1,1450.023,regular
488,325,1,6259.2609999999995,loyal
489,956,1,2853.962,regular
490,656,1,6804.951999999999,regular
491,321,1,6971.553,loyal
492,829,1,9927.554,regular
493,499,1,576.792,regular
494,470,1,1494.955,regular
495,529,1,2446.941,regular
496,656,1,8056.762,regular
497,927,1,2958.3,regular
498,1004,1,3238.9610000000002,lost
499,699,1,9704.942,regular
500,676,1,6196.643,regular
501,956,1,712.49,regular
502,346,1,2312.4449999999997,regular
503,533,1,13242.981,regular
504,1058,1,1200.542,lost
505,276,1,6813.753,loyal
506,793,1,8359.21,regular
507,597,1,3022.87,regular
508,436,1,697.491,regular
509,401,1,11787.552,regular
510,939,1,2346.661,regular
511,553,1,1277.966,regular
512,725,1,3509.9719999999998,regular
513,815,1,458.983,regular
514,966,1,242.991,regular
515,287,1,3766.6310000000003,regular
516,1042,1,1499.966,lost
517,466,1,9044.923999999999,regular
518,289,1,3039.98,regular
519,581,1,2747.236,regular
520,729,1,2754.99,regular
521,1046,1,3998.362,lost
522,855,1,1196.967,regular
523,1092,1,1519.98,lost
524,637,1,5017.852,regular
525,563,1,18114.948,regular
526,1054,1,4422.938,lost
527,867,1,4279.571,regular
528,889,1,845.982,regular
529,1046,1,7568.052,lost
530,695,1,5382.042,regular
531,663,1,15087.279999999999,regular
532,725,1,527.984,regular
533,380,1,3346.031,regular
534,450,1,16846.970999999998,regular
535,1059,1,1759.976,lost
536,864,1,8376.921,regular
537,564,1,4318.005,regular
538,751,1,7042.671,regular
539,510,1,269.991,regular
540,931,1,7251.964,regular
541,1080,1,11406.421999999999,lost
542,854,1,2501.7619999999997,regular
543,691,1,10336.962,regular
544,421,1,9908.463,regular
545,407,1,7782.870999999999,regular
546,923,1,2197.9500000000003,regular
547,318,1,11183.063,loyal
548,447,1,1949.637,regular
549,820,1,557.991,regular
550,722,1,10794.350999999999,regular
551,878,1,642.542,regular
552,1082,1,2449.753,lost
553,819,1,2197.89,regular
554,462,1,4459.217,regular
555,822,1,4654.952,regular
556,547,1,1902.562,regular
557,1009,1,359.2,lost
558,975,1,431.984,regular
559,819,1,9408.780999999999,regular
560,740,1,3502.493,regular
561,733,1,953.982,regular
562,691,1,2509.88,regular
563,1058,1,1703.682,lost
564,660,1,8392.940999999999,regular
565,898,1,5578.129999999999,regular
566,301,1,4458.951,loyal
567,362,1,5579.960999999999,loyal
568,893,1,6479.94,regular
569,795,1,7105.7699999999995,regular
570,558,1,1556.782,regular
571,415,1,6578.928,regular
572,661,1,930.981,regular
573,912,1,1229.092,regular
574,995,1,6462.4619999999995,regular
575,829,1,2222.871,regular
576,859,1,10574.961,regular
577,1022,1,5909.612,lost
578,850,1,8342.935,regular
579,934,1,6397.471,regular
580,352,1,2975.99,regular
581,759,1,7824.039,regular
582,517,1,3168.553,regular
583,1069,1,11578.653999999999,lost
584,880,1,2090.665,regular
585,565,1,959.984,regular
586,803,1,386.1,regular
587,1049,1,8763.963,lost
588,521,1,1052.963,regular
589,489,1,1512.89,regular
590,535,1,1655.071,regular
591,969,1,1646.381,regular
592,654,1,422.991,regular
593,431,1,208.981,regular
594,350,1,9942.134999999998,loyal
595,290,1,13191.936,loyal
596,499,1,1422.482,regular
597,620,1,4017.439,regular
598,472,1,9645.381,regular
599,299,1,3535.27,regular
600,970,1,4038.501,regular
601,284,1,377.982,regular
602,499,1,799.984,regular
603,850,1,4890.361,regular
604,367,1,837.983,regular
605,588,1,5442.071999999999,regular
606,692,1,4387.96,regular
607,642,1,17580.711,regular
608,1063,1,502.181,lost
609,585,1,11035.842999999999,regular
610,996,1,8696.071,regular
611,560,1,5219.98,regular
612,1051,1,4196.026,lost
613,799,1,502.181,regular
614,699,1,3935.962,regular
615,956,1,4911.4349999999995,regular
616,986,1,3372.136,regular
617,460,1,993.221,regular
618,562,1,3159.924,regular
619,643,1,4100.432,regular
620,529,1,2065.982,regular
621,536,1,1553.963,regular
622,888,1,512.981,regular
623,279,1,1253.98,regular
624,750,1,4271.11,regular
625,681,1,3860.143,regular
626,710,1,7022.960999999999,regular
627,900,1,11479.532,regular
628,577,1,3105.962,regular
629,636,1,1754.146,regular
630,1027,1,1265.971,lost
631,570,1,6749.972,regular
632,936,1,2599.168,regular
633,1028,1,845.182,lost
634,743,1,1364.944,regular
635,969,1,1502.963,regular
636,1076,1,2635.12,lost
637,348,1,8127.945,loyal
638,921,1,1832.062,regular
639,797,1,2420.553,regular
640,972,1,5809.472000000001,regular
641,820,1,3563.0209999999997,regular
642,888,1,772.2,regular
643,988,1,5224.54,regular
644,613,1,4001.915,regular
645,535,1,3818.292,regular
646,663,1,6468.222,regular
647,440,1,1353.748,regular
648,1038,1,3475.843,lost
649,949,1,8550.052,regular
650,559,1,2701.174,regular
651,593,1,16890.161,regular
652,453,1,1063.8919999999998,regular
653,646,1,3191.951,regular
654,741,1,660.591,regular
655,501,1,655.191,regular
656,577,1,1094.975,regular
657,1076,1,3633.359,lost
658,561,1,557.981,regular
659,888,1,853.1,regular
660,687,1,5959.0650000000005,regular
661,604,1,9287.940999999999,regular
662,621,1,3960.4260000000004,regular
663,468,1,14567.153999999999,regular
664,797,1,1272.782,regular
665,418,1,7040.844999999999,regular
666,631,1,8570.962,regular
667,832,1,2827.9480000000003,regular
668,1042,1,2100.922,lost
669,428,1,2899.4849999999997,regular
670,895,1,3586.701,regular
671,658,1,583.976,regular
672,682,1,7111.034,regular
673,721,1,3695.473,regular
674,629,1,1402.774,regular
675,494,1,7253.616999999999,regular
676,792,1,512.981,regular
677,1028,1,242.991,lost
678,735,1,1673.99,regular
679,1014,1,3038.32,lost
680,327,1,1987.964,regular
681,708,1,13130.824,regular
682,932,1,4799.98,regular
683,750,1,879.984,regular
684,719,1,511.491,regular
685,1018,1,386.1,lost
686,816,1,3816.4619999999995,regular
687,551,1,7971.223,regular
688,756,1,3347.98,regular
689,338,1,6803.969999999999,loyal
690,657,1,12104.783,regular
691,825,1,4067.662,regular
692,281,1,13821.55,loyal
693,1008,1,375.992,lost
694,670,1,3531.302,regular
695,903,1,1006.98,regular
696,1080,1,6240.549999999999,lost
697,820,1,728.973,regular
698,668,1,1585.156,regular
699,581,1,1422.962,regular
700,651,1,12541.782,regular
701,660,1,5126.951,regular
702,420,1,6762.135,regular
703,814,1,398.97,regular
704,832,1,988.482,regular
705,905,1,3463.541,regular
706,543,1,2452.948,regular
707,766,1,1559.972,regular
708,456,1,1899.98,regular
709,814,1,3359.9709999999995,regular
710,1011,1,1765.1309999999999,lost
711,746,1,4436.603,regular
712,810,1,3065.982,regular
713,372,1,8712.844,loyal
714,1006,1,256.491,lost
715,621,1,10187.940999999999,regular
716,962,1,3591.2699999999995,regular
717,848,1,6659.960999999999,regular
718,580,1,167.992,regular
719,753,1,1006.98,regular
720,455,1,1389.772,regular
721,806,1,479.992,regular
722,560,1,3292.003,regular
723,540,1,6074.048,regular
724,797,1,6152.651999999999,regular
725,633,1,396.141,regular
726,837,1,7176.2119999999995,regular
727,975,1,7855.232999999999,regular
728,976,1,7918.841,regular
729,717,1,799.992,regular
730,429,1,4327.023,regular
731,664,1,1652.98,regular
732,911,1,8975.155999999999,regular
733,701,1,959.984,regular
734,397,1,13287.544,loyal
735,482,1,2605.282,regular
736,565,1,4507.612,regular
737,952,1,2748.7439999999997,regular
738,278,1,9532.35,loyal
739,778,1,4746.63,regular
740,1024,1,1644.516,lost
741,699,1,1349.98,regular
742,954,1,4617.754,regular
743,969,1,954.983,regular
744,290,1,5923.9529999999995,loyal
745,705,1,1692.571,regular
746,1065,1,386.1,lost
747,484,1,11831.33,regular
748,528,1,6382.942,regular
749,475,1,5893.553999999999,regular
750,880,1,1307.623,regular
751,541,1,5498.364,regular
752,488,1,170.991,regular
753,792,1,1022.98,regular
754,284,1,6887.134999999999,loyal
755,1020,1,9210.712,lost
756,987,1,4318.451,regular
757,460,1,2511.4629999999997,regular
758,866,1,6169.960999999999,regular
759,789,1,2214.053,regular
760,972,1,4105.111,regular
761,359,1,3546.928,regular
762,697,1,5537.981,regular
763,1006,1,1525.161,lost
764,930,1,3163.041,regular
765,336,1,4737.262,loyal
766,1019,1,989.982,lost
767,1060,1,464.991,lost
768,420,1,6515.9529999999995,regular
769,577,1,1258.972,regular
770,707,1,2208.974,regular
771,443,1,2891.754,regular
772,650,1,1174.565,regular
773,792,1,4873.954,regular
774,398,1,5806.032999999999,loyal
775,616,1,908.076,regular
776,619,1,333.592,regular
777,508,1,2379.4610000000002,regular
778,387,1,8481.896,loyal
779,887,1,5055.112,regular
780,917,1,11314.07,regular
781,578,1,4205.981,regular
782,503,1,7183.321,regular
783,427,1,10998.025,regular
784,602,1,1194.282,regular
785,810,1,929.981,regular
786,1020,1,539.991,lost
787,458,1,7575.344,regular
788,965,1,242.991,regular
789,455,1,2195.574,regular
790,700,1,2719.4759999999997,regular
791,834,1,1189.982,regular
792,755,1,847.984,regular
793,497,1,7327.036,regular
794,651,1,9274.961,regular
795,895,1,2431.166,regular
796,811,1,1926.5810000000001,regular
797,1052,1,1984.0720000000001,lost
798,480,1,11062.412,regular
799,528,1,2873.936,regular
800,921,1,8177.053,regular
801,939,1,4044.8430000000003,regular
802,946,1,9385.100999999999,regular
803,424,1,12867.954,regular
804,570,1,417.991,regular
805,683,1,335.984,regular
806,881,1,4037.961,regular
807,427,1,4231.12,regular
808,830,1,8083.960999999999,regular
809,700,1,15416.152999999998,regular
810,465,1,10951.555,regular
811,635,1,1863.964,regular
812,497,1,1227.58,regular
813,1072,1,3376.592,lost
814,735,1,1754.047,regular
815,967,1,10620.043,regular
816,274,1,1669.982,regular
817,791,1,2252.915,regular
818,327,1,2419.761,regular
819,762,1,4784.155000000001,regular
820,287,1,3229.951,regular
821,372,1,633.625,regular
822,285,1,1396.49,regular
823,750,1,3464.02,regular
824,379,1,10132.360999999999,loyal
825,864,1,1934.962,regular
826,450,1,3671.705,regular
827,814,1,375.992,regular
828,491,1,2716.764,regular
829,605,1,845.982,regular
830,594,1,989.982,regular
831,806,1,4169.981,regular
832,671,1,3146.4629999999997,regular
833,763,1,5779.816,regular
834,870,1,1694.056,regular
835,791,1,1485.463,regular
836,555,1,9161.942,regular
837,524,1,6829.529999999999,regular
838,300,1,9849.07,loyal
839,301,1,4521.8820000000005,loyal
840,425,1,15097.9,regular
841,660,1,1546.382,regular
842,661,1,692.082,regular
843,842,1,1351.722,regular
844,607,1,10186.625999999998,regular
845,678,1,2011.461,regular
846,368,1,728.973,regular
847,721,1,836.981,regular
848,892,1,4991.966,regular
849,915,1,1034.283,regular
850,690,1,104.491,regular
851,941,1,992.9649999999999,regular
852,823,1,989.982,regular
853,824,1,7601.152,regular
854,985,1,1972.961,regular
855,732,1,2008.761,regular
856,317,1,3659.98,regular
857,590,1,418.491,regular
858,706,1,1804.857,regular
859,289,1,7659.335,loyal
860,339,1,451.782,regular
861,1066,1,4169.98,lost
862,362,1,5835.854,loyal
863,646,1,5801.932,regular
864,678,1,3390.464,regular
865,455,1,3995.624,regular
866,324,1,6843.94,loyal
867,561,1,10529.96,regular
868,607,1,1311.29,regular
869,455,1,1037.371,regular
870,678,1,8309.442,regular
871,597,1,11588.642,regular
872,1063,1,2497.954,lost
873,1086,1,3278.0510000000004,lost
874,825,1,1344.79,regular
875,811,1,269.991,regular
876,813,1,1525.154,regular
877,585,1,7783.42,regular
878,378,1,7984.9349999999995,loyal
879,930,1,1276.975,regular
880,560,1,11120.321,regular
881,579,1,1367.09,regular
882,833,1,6229.12,regular
883,617,1,13107.434,regular
884,695,1,845.982,regular
885,908,1,4624.937,regular
886,427,1,9927.203,regular
887,582,1,4369.343,regular
888,454,1,10728.432999999999,regular
889,454,1,949.173,regular
890,626,1,3750.8729999999996,regular
891,866,1,655.984,regular
892,777,1,2754.99,regular
893,394,1,8820.144,loyal
894,768,1,4495.272,regular
895,517,1,6929.102,regular
896,747,1,6715.432,regular
897,677,1,611.982,regular
898,500,1,3567.56,regular
899,814,1,3239.98,regular
900,451,1,4298.451,regular
901,720,1,712.49,regular
902,610,1,1217.264,regular
903,414,1,5588.517,regular
904,354,1,14397.131,loyal
905,353,1,12090.0,loyal
906,318,1,4749.98,loyal
907,879,1,3495.661,regular
908,702,1,15439.964,regular
909,570,1,2099.9629999999997,regular
910,672,1,4334.057,regular
911,498,1,1611.075,regular
912,481,1,4949.99,regular
913,777,1,1841.6219999999998,regular
914,319,1,1793.757,regular
915,536,1,1301.472,regular
916,350,1,7951.1449999999995,loyal
917,847,1,5219.98,regular
918,986,1,557.991,regular
919,976,1,5989.937,regular
920,317,1,9314.832,loyal
921,814,1,1328.653,regular
922,703,1,6978.7119999999995,regular
923,1080,1,5671.129999999999,lost
924,893,1,683.075,regular
925,1022,1,474.991,lost
926,1005,1,926.091,lost
927,801,1,1516.3400000000001,regular
928,943,1,1264.983,regular
929,1036,1,4689.450999999999,lost
930,481,1,1464.2559999999999,regular
931,369,1,4305.957,loyal
932,807,1,1973.731,regular
933,932,1,1708.372,regular
934,454,1,7999.959999999999,regular
935,397,1,1850.057,regular
936,470,1,2411.471,regular
937,334,1,3865.761,loyal
938,297,1,2135.062,regular
939,671,1,2230.548,regular
940,625,1,1885.8829999999998,regular
941,894,1,3018.285,regular
942,770,1,1499.971,regular
943,966,1,683.075,regular
944,842,1,1964.081,regular
945,471,1,4814.623,regular
946,660,1,4062.331,regular
947,383,1,1082.971,regular
948,625,1,6793.965,regular
949,712,1,1279.063,regular
950,400,1,3799.16,regular
951,990,1,3292.422,regular
952,751,1,4644.912,regular
953,663,1,2681.156,regular
954,863,1,3269.982,regular
955,356,1,4274.98,loyal
956,945,1,1060.553,regular
957,572,1,912.2729999999999,regular
958,691,1,5557.3240000000005,regular
959,773,1,8816.953,regular
960,441,1,7995.802999999999,regular
961,881,1,5338.955,regular
962,678,1,1856.6109999999999,regular
963,883,1,6416.592,regular
964,823,1,502.181,regular
965,1060,1,4781.927,lost
966,578,1,5107.862,regular
967,386,1,2309.303,regular
968,657,1,1394.99,regular
969,678,1,391.992,regular
970,354,1,4499.99,loyal
971,588,1,15876.422999999999,regular
972,288,1,6396.9619999999995,loyal
973,733,1,4835.375,regular
974,609,1,1197.0729999999999,regular
975,719,1,4269.956999999999,regular
976,697,1,16950.095,regular
977,809,1,3328.062,regular
978,466,1,1064.682,regular
979,1067,1,2867.2740000000003,lost
980,393,1,1416.5729999999999,regular
981,868,1,1022.98,regular
982,289,1,2877.761,regular
983,330,1,9712.942,loyal
984,817,1,6335.663,regular
985,716,1,7130.536999999999,regular
986,801,1,4544.845,regular
987,315,1,2738.246,regular
988,827,1,2432.944,regular
989,766,1,5090.412,regular
990,753,1,8200.722,regular
991,1031,1,8062.121999999999,lost
992,646,1,1139.962,regular
993,631,1,377.982,regular
994,873,1,3403.852,regular
995,867,1,4447.722,regular
996,1055,1,494.991,lost
997,828,1,10986.9,regular
998,415,1,5528.956,regular
999,297,1,6530.911,loyal
1000,627,1,1950.5729999999999,regular
1001,852,1,3911.862,regular
1002,429,1,1233.673,regular
1003,497,1,3594.861,regular
1004,879,1,278.991,regular
1005,305,1,17611.951,loyal
1006,464,1,6723.076,regular
1007,331,1,18278.94,loyal
1008,342,1,892.981,regular
1009,483,1,314.991,regular
1010,344,1,9479.953,loyal
1011,878,1,1042.172,regular
1012,1064,1,6712.841,lost
1013,334,1,1209.475,regular
1014,393,1,5699.98,loyal
1015,650,1,6824.971,regular
1016,347,1,1797.974,regular
1017,425,1,1368.0720000000001,regular
1018,654,1,10792.241,regular
1019,897,1,11950.473999999998,regular
1020,585,1,14141.356000000002,regular
1021,370,1,5863.441,loyal
1022,442,1,440.991,regular
1023,477,1,19329.94,regular
1024,600,1,6412.553,regular
1025,564,1,927.9839999999999,regular
1026,361,1,7938.932,loyal
1027,369,1,2217.6420000000003,regular
1028,828,1,3564.9649999999997,regular
1029,284,1,2804.141,regular
1030,886,1,3049.982,regular
1031,451,1,8787.128,regular
1032,750,1,3121.4809999999998,regular
1033,390,1,2889.855,regular
1034,995,1,9874.651,regular
1035,1078,1,1104.475,lost
1036,479,1,700.792,regular
1037,349,1,17758.34,loyal
1038,594,1,1805.966,regular
1039,841,1,2329.572,regular
1040,731,1,6068.9439999999995,regular
1041,420,1,5627.951999999999,regular
1042,876,1,5588.343,regular
1043,303,1,7256.771,loyal
1044,290,1,1041.58,regular
1045,934,1,2155.1710000000003,regular
1046,603,1,2205.756,regular
1047,1062,1,1786.4650000000001,lost
1048,812,1,6319.941,regular
1049,1015,1,3027.0299999999997,lost
1050,465,1,480.591,regular
1051,711,1,9399.96,regular
1052,317,1,7663.941,loyal
1053,307,1,1257.972,regular
1054,868,1,3899.9649999999997,regular
1055,827,1,2849.99,regular
1056,796,1,4503.742,regular
1057,642,1,5851.924999999999,regular
1058,769,1,2743.982,regular
1059,622,1,3185.943,regular
1060,392,1,8011.311,loyal
1061,827,1,1076.931,regular
1062,838,1,4477.172,regular
1063,464,1,13765.543,regular
1064,531,1,1060.172,regular
1065,442,1,466.841,regular
1066,351,1,4030.9539999999997,loyal
1067,454,1,4130.341,regular
1068,580,1,3167.956,regular
1069,1042,1,8280.539999999999,lost
1070,532,1,12774.262999999999,regular
1071,849,1,3370.571,regular
1072,666,1,4064.831,regular
1073,744,1,1115.98,regular
1074,972,1,1072.162,regular
1075,1056,1,2653.073,lost
1076,463,1,1619.99,regular
1077,514,1,718.4,regular
1078,1026,1,4803.625,lost
1079,992,1,758.983,regular
1080,860,1,3430.962,regular
1081,693,1,7747.733,regular
1082,946,1,3199.99,regular
1083,361,1,3866.044,loyal
1084,341,1,8303.369999999999,loyal
1085,834,1,5841.52,regular
1086,497,1,12400.844,regular
1087,461,1,2190.564,regular
1088,378,1,3793.152,regular
1089,821,1,6784.954,regular
1090,440,1,12392.952,regular
1091,429,1,4445.057,regular
1092,552,1,753.584,regular
1093,722,1,3447.228,regular
1094,1036,1,824.982,lost
1095,1067,1,426.55,lost
1096,794,1,4169.352,regular
1097,694,1,4195.307,regular
1098,406,1,889.5840000000001,regular
1099,404,1,1019.963,regular
1100,478,1,18670.945,regular
1101,282,1,4196.955,loyal
1102,970,1,3891.51,regular
1103,747,1,12334.951,regular
1104,662,1,2362.161,regular
1105,641,1,2843.073,regular
1106,497,1,1576.78,regular
1107,419,1,1868.962,regular
1108,781,1,2793.047,regular
1109,447,1,1595.666,regular
1110,884,1,1249.971,regular
1111,445,1,170.991,regular
1112,887,1,5709.954,regular
1113,669,1,4171.9439999999995,regular
1114,438,1,1951.347,regular
1115,531,1,3720.888,regular
1116,296,1,1055.98,regular
1117,402,1,1845.881,regular
1118,336,1,7947.44,loyal
1119,734,1,5775.540999999999,regular
1120,441,1,7159.9529999999995,regular
1121,751,1,2360.39,regular
1122,358,1,6701.4529999999995,loyal
1123,551,1,2509.946,regular
1124,1008,1,3419.98,lost
1125,709,1,7339.4169999999995,regular
1126,324,1,6718.553,loyal
1127,982,1,3032.9809999999998,regular
1128,488,1,2643.244,regular
1129,714,1,4497.003,regular
1130,911,1,502.181,regular
1131,283,1,14566.430999999999,loyal
1132,473,1,15205.921999999999,regular
1133,623,1,4115.969999999999,regular
1134,509,1,5723.742,regular
1135,277,1,6150.931,loyal
1136,405,1,11428.65,regular
1137,689,1,6654.471,regular
1138,677,1,10541.961,regular
1139,618,1,999.482,regular
1140,966,1,2835.55,regular
1141,895,1,4135.956,regular
1142,293,1,232.491,regular
1143,663,1,1256.091,regular
1144,787,1,6187.151999999999,regular
1145,545,1,3172.444,regular
1146,829,1,512.981,regular
1147,994,1,5004.595,regular
1148,639,1,8009.027,regular
1149,1078,1,6265.954,lost
1150,443,1,7091.936,regular
1151,849,1,7139.9529999999995,regular
1152,660,1,5841.096,regular
1153,718,1,4466.644,regular
1154,288,1,3227.391,regular
1155,427,1,1567.471,regular
1156,862,1,3763.87,regular
1157,736,1,797.94,regular
1158,550,1,6754.9349999999995,regular
1159,742,1,6764.571,regular
1160,494,1,3110.853,regular
1161,344,1,8445.952,loyal
1162,686,1,7157.351,regular
1163,734,1,4186.523,regular
1164,637,1,4539.972,regular
1165,1034,1,9301.929,lost
1166,411,1,242.991,regular
1167,954,1,3126.64,regular
1168,946,1,799.992,regular
1169,777,1,4665.545,regular
1170,414,1,1210.272,regular
1171,313,1,14249.641,loyal
1172,306,1,5777.767,loyal
1173,1059,1,1904.459,lost
1174,1043,1,5927.549999999999,lost
1175,1082,1,4092.855,lost
1176,299,1,531.981,regular
1177,611,1,3302.171,regular
1178,467,1,3950.3599999999997,regular
1179,961,1,2123.561,regular
1180,419,1,1753.7710000000002,regular
1181,633,1,2283.804,regular
1182,1047,1,2052.3520000000003,lost
1183,457,1,2664.964,regular
1184,560,1,3287.3199999999997,regular
1185,1056,1,2801.932,lost
1186,331,1,1228.52,regular
1187,319,1,2013.964,regular
1188,407,1,3668.924,regular
1189,877,1,3581.4619999999995,regular
1190,551,1,4922.947999999999,regular
1191,430,1,3439.171,regular
1192,1013,1,8299.96,lost
1193,887,1,2024.062,regular
1194,1035,1,1692.537,lost
1195,595,1,11993.991,regular
1196,689,1,4499.99,regular
1197,415,1,2800.298,regular
1198,822,1,1745.964,regular
1199,720,1,15455.623,regular
1200,993,1,5565.562,regular
1201,664,1,9372.364,regular
1202,848,1,4497.581,regular
1203,637,1,3818.2110000000002,regular
1204,1090,1,1372.471,lost
1205,907,1,10563.64,regular
1206,600,1,6239.274,regular
1207,422,1,524.391,regular
1208,749,1,3144.325,regular
1209,755,1,4778.023,regular
1210,501,1,2705.007,regular
1211,753,1,3439.941,regular
1212,1093,1,1697.971,lost
1213,471,1,5244.9529999999995,regular
1214,348,1,20648.95,loyal
1215,627,1,5745.9529999999995,regular
1216,379,1,2780.5429999999997,regular
1217,839,1,2133.926,regular
1218,960,1,3126.64,regular
1219,755,1,3484.071,regular
1220,1066,1,5404.052,lost
1221,454,1,989.982,regular
1222,638,1,1441.165,regular
1223,1045,1,3589.562,lost
1224,572,1,24607.061999999998,regular
1225,512,1,10050.622,regular
1226,429,1,1988.05,regular
1227,924,1,7587.509999999999,regular
1228,785,1,512.981,regular
1229,516,1,2707.828,regular
1230,611,1,7063.463,regular
1231,298,1,2119.259,regular
1232,753,1,1891.112,regular
1233,692,1,5015.736,regular
1234,1065,1,2069.455,lost
1235,510,1,5417.971,regular
1236,398,1,8263.860999999999,loyal
1237,1033,1,12420.706,lost
1238,1074,1,7993.86,lost
1239,294,1,601.582,regular
1240,309,1,5444.951999999999,loyal
1241,1059,1,1115.98,lost
1242,692,1,4762.4619999999995,regular
1243,893,1,1582.161,regular
1244,456,1,5732.464,regular
1245,908,1,7345.733,regular
1246,684,1,4167.844,regular
1247,975,1,6239.093,regular
1248,775,1,6794.08,regular
1249,714,1,7520.034,regular
1250,1079,1,2083.161,lost
1251,635,1,2259.341,regular
1252,886,1,3181.54,regular
1253,1054,1,1390.474,lost
1254,323,1,5515.964,loyal
1255,1028,1,923.0730000000001,lost
1256,330,1,1538.964,regular
1257,954,1,5893.544,regular
1258,351,1,12381.821,loyal
1259,1073,1,5270.942,lost
1260,492,1,5686.581,regular
1261,821,1,9497.171,regular
1262,454,1,3722.9799999999996,regular
1263,896,1,4044.7799999999997,regular
1264,1011,1,2469.958,lost
1265,847,1,3359.746,regular
1266,552,1,2474.9700000000003,regular
1267,940,1,3126.64,regular
1268,397,1,5115.9619999999995,loyal
1269,475,1,4204.524,regular
1270,509,1,629.982,regular
1271,688,1,2717.962,regular
1272,762,1,2699.99,regular
1273,520,1,5122.344,regular
1274,861,1,7791.0509999999995,regular
1275,766,1,2726.49,regular
1276,559,1,6089.982,regular
1277,430,1,706.781,regular
1278,587,1,2228.244,regular
1279,280,1,8936.440999999999,loyal
1280,1076,1,5342.155,lost
1281,516,1,2932.4799999999996,regular
1282,777,1,2402.4759999999997,regular
1283,517,1,279.992,regular
1284,385,1,11299.97,loyal
1285,866,1,2881.14,regular
1286,1003,1,494.991,lost
1287,550,1,2991.755,regular
1288,980,1,959.984,regular
1289,433,1,507.29,regular
1290,424,1,8336.413999999999,regular
1291,662,1,6330.57,regular
1292,386,1,1099.481,regular
1293,592,1,1285.972,regular
1294,369,1,1243.785,regular
1295,852,1,5022.95,regular
1296,1069,1,3768.9390000000003,lost
1297,862,1,502.181,regular
1298,654,1,4214.945,regular
1299,880,1,1831.18,regular
1300,874,1,7932.941999999999,regular
1301,922,1,4692.862999999999,regular
1302,724,1,6349.360999999999,regular
1303,326,1,5332.945,loyal
1304,524,1,2966.644,regular
1305,1059,1,1509.473,lost
1306,755,1,3505.764,regular
1307,878,1,7482.134999999999,regular
1308,517,1,2319.964,regular
1309,1038,1,1619.99,lost
1310,276,1,5833.969999999999,loyal
1311,489,1,3975.233,regular
1312,682,1,10617.992,regular
1313,864,1,5114.09,regular
1314,937,1,7045.155,regular
1315,794,1,7848.2609999999995,regular
1316,575,1,5925.471,regular
1317,487,1,325.491,regular
1318,752,1,1052.972,regular
1319,634,1,5231.851000000001,regular
1320,592,1,543.984,regular
1321,1071,1,5644.91,lost
1322,933,1,5014.9619999999995,regular
1323,556,1,2333.355,regular
1324,1091,1,3900.0609999999997,lost
1325,997,1,854.191,regular
1326,1089,1,3155.956,lost
1327,496,1,1599.98,regular
1328,1037,1,4633.853999999999,lost
1329,411,1,3994.45,regular
1330,333,1,5891.16,loyal
1331,810,1,2195.0519999999997,regular
1332,623,1,12307.961,regular
1333,884,1,8534.372,regular
1334,791,1,5024.163,regular
1335,851,1,2672.691,regular
1336,663,1,269.991,regular
1337,892,1,773.982,regular
1338,961,1,1626.78,regular
1339,448,1,1590.8519999999999,regular
1340,926,1,242.991,regular
1341,925,1,8476.520999999999,regular
1342,429,1,527.7819999999999,regular
1343,653,1,1818.454,regular
1344,460,1,3377.9719999999998,regular
1345,531,1,1287.574,regular
1346,619,1,3442.812,regular
1347,466,1,6495.971,regular
1348,1074,1,11183.029999999999,lost
1349,826,1,9278.65,regular
1350,947,1,6089.93,regular
1351,948,1,2465.4570000000003,regular
1352,689,1,3243.752,regular
1353,789,1,3613.724,regular
1354,1013,1,4475.462,lost
1355,864,1,1961.0810000000001,regular
1356,919,1,1359.976,regular
1357,881,1,569.981,regular
1358,961,1,3443.934,regular
1359,805,1,6543.061,regular
1360,953,1,7967.41,regular
1361,991,1,1240.184,regular
1362,861,1,4299.954,regular
1363,651,1,1860.5810000000001,regular
1364,396,1,989.991,regular
1365,1018,1,5699.98,lost
1366,975,1,989.982,regular
1367,408,1,2032.444,regular
1368,958,1,10216.233,regular
1369,1025,1,620.092,lost
1370,521,1,7439.98,regular
1371,832,1,1734.932,regular
1372,496,1,7021.146,regular
1373,965,1,5600.054,regular
1374,798,1,8394.469000000001,regular
1375,906,1,2915.1040000000003,regular
1376,943,1,4109.061,regular
1377,847,1,997.173,regular
1378,805,1,4776.041,regular
1379,460,1,2834.844,regular
1380,850,1,2319.99,regular
1381,806,1,2414.962,regular
1382,490,1,16491.532,regular
1383,316,1,1392.273,regular
1384,372,1,2518.145,regular
1385,658,1,2006.063,regular
1386,1051,1,1806.412,lost
1387,878,1,1199.98,regular
1388,398,1,2559.99,regular
1389,533,1,1499.38,regular
1390,559,1,5333.3330000000005,regular
1391,711,1,17086.93,regular
1392,488,1,5922.469999999999,regular
1393,351,1,1681.48,regular
1394,485,1,2615.972,regular
1395,624,1,5220.472,regular
1396,595,1,5984.98,regular
1397,844,1,4921.153,regular
1398,736,1,7688.271,regular
1399,679,1,2319.753,regular
1400,900,1,2928.68,regular
1401,384,1,2200.943,regular
1402,614,1,799.992,regular
1403,556,1,12595.072,regular
1404,733,1,3015.312,regular
1405,771,1,1649.97,regular
1406,791,1,7900.433999999999,regular
1407,566,1,1856.074,regular
1408,401,1,4829.182,regular
1409,378,1,2093.4139999999998,regular
1410,609,1,1829.665,regular
1411,284,1,4960.455,loyal
1412,438,1,1234.971,regular
1413,1053,1,3014.322,lost
1414,461,1,176.691,regular
1415,538,1,9725.833,regular
1416,607,1,3254.99,regular
1417,528,1,557.981,regular
1418,533,1,4162.854,regular
1419,286,1,4399.99,loyal
1420,963,1,1407.552,regular
1421,451,1,17494.934,regular
1422,442,1,7049.670999999999,regular
1423,551,1,11238.653999999999,regular
1424,483,1,6591.969999999999,regular
1425,908,1,4639.98,regular
1426,555,1,6782.333,regular
1427,492,1,351.992,regular
1428,893,1,674.991,regular
1429,786,1,2042.061,regular
1430,767,1,3628.5099999999998,regular
1431,1026,1,1705.963,lost
1432,558,1,2696.99,regular
1433,347,1,4226.227,loyal
1434,1067,1,1530.962,lost
1435,951,1,8069.652,regular
1436,622,1,9334.506,regular
1437,853,1,3799.99,regular
1438,574,1,12980.937,regular
1439,506,1,9919.919,regular
1440,822,1,10360.252999999999,regular
1441,337,1,9173.38,loyal
1442,517,1,6987.246999999999,regular
1443,774,1,10372.092,regular
1444,739,1,1399.976,regular
1445,297,1,7999.98,loyal
